<?xml version="1.0" encoding="UTF-8"?>
<project-private xmlns="http://www.netbeans.org/ns/project-private/1">
    <editor-bookmarks xmlns="http://www.netbeans.org/ns/editor-bookmarks/2" lastBookmarkId="0"/>
    <open-files xmlns="http://www.netbeans.org/ns/projectui-open-files/2">
        <group>
            <file>file:/C:/Users/631420137/Documents/ProdutoRest/src/java/repositorio/RepositorioProdutos.java</file>
            <file>file:/C:/Users/631420137/Documents/ProdutoRest/src/java/ws/ProdutosResource.java</file>
            <file>file:/C:/Users/631420137/Documents/ProdutoRest/src/java/model/Produto.java</file>
        </group>
    </open-files>
</project-private>
